eps,mu,ra,fn
98.463,25.42,0.96133,0.76497
89.672,48.027,0.56985,0.47353
129.62,17.679,0.18169,0.57706
142.16,29.678,0.19183,1.2705
151.18,11.967,0.29463,0.99925
55.929,37.812,0.84868,0.76815
136.26,13.5,0.29157,1.6786
131.36,25.792,0.82357,1.212
33.36,35.255,0.28135,1.1445
24.681,44.654,0.9328,1.8427
